source_image,page,slot,sku,coverage,image_comparison_error,image_sha256
p02-01,2,1,RIT-0001,Included,1.0,ad4c75d11cbcd641eb05b35002432951ccf67557094ab0cf81e0d99cff7eaec6
p02-02,2,2,RIT-0002,Included,1.0,ef6cfb9400e0b69bd54345dd249b4d8448d0796c8f42716e77c9720187273ef1
p02-03,2,3,RIT-0003,Included,1.0,bdb06a92790cf95b197f27da39624ef4fa8e5a7850d71d0c6f8c0011c5bd7b5b
p02-04,2,4,RIT-0004,Included,0.667,71e6cdaa2d6ae190accd6fab3fa618b13e9047f7e31890f6ce3e9be251c75684
p02-05,2,5,RIT-0005,Included,0.667,920628420c580d7a299f13c4e49ae548dbb76bc9b6c257ba427a5683d942cbc1
p02-06,2,6,RIT-0006,Included,1.0,227665307d0911c3e9a98848ae5b6b2706679a36ace7d0d73b134dcba7b232b0
p02-07,2,7,RIT-0007,Included,1.0,9ba934550918378fde91710c5d573a1aefcbbbe51e39bd7f4e06e717718705fd
p02-08,2,8,RIT-0008,Included,1.0,4a80166e6ebe7070a04e60c8552af09b35b50716fa10eb28b5099aad2d6591ea
p02-09,2,9,RIT-0009,Included,1.0,b960b12eba67abfaa7afd3834331ea4bc897179fd6d3abbccf79ffcedef86c70
p02-10,2,10,RIT-0010,Included,0.667,476936ab1f256730906f5ff350d55b4fdbe47367d365a498214cf2429b48ac3f
p02-11,2,11,RIT-0011,Included,0.667,7f743133804390a46c6fe3415b8f65fd63b1db1cee760cac0ba5b35178c24acd
p02-12,2,12,RIT-0012,Included,1.0,e0be27916da3343f6f21310d9fe1cf3384da2ae5fd7bee707b7e9533c84b2c06
p03-01,3,1,RIT-0013,Included,1.0,8266b315015355f86c8b38ce76d7c7167928c0cb65d88d16724dfda5857d7f42
p03-02,3,2,RIT-0014,Included,1.0,87837a95bd084c4cd5f0d914dc5290b0095b680c57684bfb1d6fbf4e3aa2ade9
p03-03,3,3,RIT-0015,Included,1.0,e15e5116e8798afe2249af6d54f131469784258744960851dc4ede89b3fa4525
p03-04,3,4,RIT-0016,Included,1.0,67ca23140500a264ddad9be6e406a4b921620d61ac28dff91410c573fdb495e0
p03-05,3,5,RIT-0017,Included,1.0,b85a69da10e856c55dd5ba4b8de1fe9ac305a38be13c537933e2671fc1f6b5dd
p03-06,3,6,RIT-0018,Included,1.0,1a03e628e6c389abc389212bf8ec4c18472e1c180dd6b6a5bf3f5c5ed6d40eb5
p03-07,3,7,RIT-0019,Included,1.0,0000e74ee993b64e908357e02263e7e6234a19b3c28cf234b936d8a47f98febc
p03-08,3,8,RIT-0020,Included,1.0,e66c6dc9d3d0b781df5caefc769c1162c74a347b5f17cd9159efe9e75fc6bf20
p03-09,3,9,RIT-0021,Included,1.0,8fcfc394165a68eb1b19c265746ecaf2b68496ae3ffdb8fe858e4459b06bd43f
p03-10,3,10,RIT-0022,Included,1.0,0628e3306b4367050643dc5d1d7d4968819b16173f408e9569bfa7b49ed50f08
p03-11,3,11,RIT-0023,Included,1.0,62f367dc9f44afc6c6be935f84bb9a5dde74f0b61cd2685f80e7413a571135ae
p03-12,3,12,RIT-0024,Included,1.0,82fdbe6b4ef97df8db8c1569155a39009b993cbc4be770bae0c2a9cbd241342b
p04-01,4,1,RIT-0025,Included,2.0,204eff52064230882db662cd400636a1138fdd7ef967915fa155f674b5e2257e
p04-02,4,2,RIT-0026,Included,1.0,14cf32292d5915c8b2488b1a8b1e964fc039366707f4352a13f3751d99476c66
p04-03,4,3,RIT-0027,Included,1.0,54664c3b8143f6d0b10a69e9bb9a6ebc1891981245080944ca7f1398d94ecf85
p04-04,4,4,RIT-0028,Included,1.0,fd6513a252fd265836b7eb222b3161b5663e4a7220606e920c5737ff0c0076be
p04-05,4,5,RIT-0029,Included,0.0,cd7b782de57169e0bf31e8d162b8e5132bae59c139a33abb7e643f12250d0fe5
p04-06,4,6,RIT-0030,Included,0.0,cda7deca9a6884be23eb44c55fa2575c9715925a171d84106e3b37cc1cc2794c
p04-07,4,7,RIT-0031,Included,1.0,cd77cde0c0646813247daede5ee393acbe2c64de7690866bc7775ce87e7bc11d
p04-08,4,8,RIT-0032,Included,0.667,1301153dcbd8525ce2b43d58ce5f63261dd8eb8e0206df7b557f2322fde45321
p04-09,4,9,RIT-0033,Included,1.0,5302ae06375994c6feef421b68523545c2f2ce6e1ae62edf62cf5d47b78c5652
p04-10,4,10,RIT-0034,Included,1.0,b68cd15e8814280b3ad2f0f09442dbd0dd7c71a3172972439ea387ff99f09556
p04-11,4,11,RIT-0035,Included,1.0,45f56edbc6a21a5e5e56bcf342871977d2017e9f2c6ab240d03788945e857185
p04-12,4,12,RIT-0036,Included,1.667,9a4cbb0bfef944d80c2d33fb5bc3947905889d061f2fa9f7a781abced787c13e
p05-01,5,1,RIT-0037,Included,1.0,dfcb0e11841982fb7fdf3fb9b6ff40ad47466222748b93ca4b467bf804cf20d8
p05-02,5,2,RIT-0038,Included,1.0,f61d34f71c07a7262cfa8e3ee9d44ca1ab8916bb2a86f06af9611199ae5cac3b
p05-03,5,3,RIT-0039,Included,0.667,492c4ae2d9e9b5d40b6c0c3b29a34a074d004db2dc9c3c18f3f78b37ed4cd988
p05-04,5,4,RIT-0200,Included,0.667,56a0e341764bb54831ec318d9e4618277d4e13fb27adf22447ea4ed6f3e9aad5
p05-05,5,5,RIT-0040,Included,1.667,136f60aa9b3682a3d0cff7ce625e3ef59888a25e469bc353ff921b42a430b674
p05-06,5,6,RIT-0041,Included,1.0,2f5d0efff0c3b9f6eedcb79352ce46221ae4f00dcf18a09f3e0bfce22483d1fa
p05-07,5,7,RIT-0042,Included,1.0,fd302f5d713f1c548dd393dfca4ab3cb7e4623f04127973ee3e532b6a739810b
p05-08,5,8,RIT-0043,Included,1.0,3c7b7886da3c22a582a3c5818fbc19f890a7339ad2866c899630b85b1a117fee
p05-09,5,9,RIT-0044,Included,1.0,4ab44985fc4e91ea017d5290ce46736075fc878320558fcff52fa2ca53b9fedf
p05-10,5,10,RIT-0045,Included,1.0,39e1993dfad167aebeaaf0e75a12ca62055a977eb5181af8002f5d569590efd1
p05-11,5,11,RIT-0046,Included,1.0,b6e7a0bb9d99ff02f0dbefa3a7599ed0a91fc7851294b1030fad44e3f209a6a3
p05-12,5,12,RIT-0047,Included,1.0,002100e377f2f23a5c964f3761a70593665766823c2560c53f54d4ac0a81cc3a
p06-01,6,1,RIT-0048,Included,1.0,9ebed5291f81eec230a39ec65fae7990b2ffa629744f3a321dd8620e7d2520be
p06-02,6,2,RIT-0049,Included,0.0,31396c617e0aee090eaaf4596497bf06852496dd6eceb3b27f9dccc5b6975b4e
p06-03,6,3,RIT-0050,Included,0.333,16828774801030ada7df430ea66c6888885c30f5e1700812fb59e4d13e6e7eb5
p06-04,6,4,RIT-0051,Included,0.667,7168848c5cd27a72ac9fa5d721acdd8cfffafbc052a225f876f77cdf58877776
p06-05,6,5,RIT-0052,Included,1.0,9231e9778826f855403aa110207fd6e37858ad9de81360d0a01dfbbf1119f18b
p06-06,6,6,RIT-0053,Included,1.0,b17bed33ef652e2145440b5840ae5cfd11aaaff649adfc02b82e40a8b6364f1a
p06-07,6,7,RIT-0054,Included,1.0,f762a2b39a9175095a58971c18cfeb4f030dbc8793650e6fbc2e10ade2f2edd0
p06-08,6,8,RIT-0055,Included,0.333,6700a8918d1d5f5e6ba5e8db2d439145f30663d067710425d2bbd30d4e7b8d8a
p06-09,6,9,RIT-0056,Included,0.667,3ecc4535954f454885711d5f20bc9cd331dac19119eb9602be37ec363abd9373
p06-10,6,10,RIT-0057,Included,1.333,43cb9f54e1b0277e1ffbe7c6948d8b739b2b7e346a810e18af23295110930893
p06-11,6,11,RIT-0058,Included,1.0,80b404fcf9dfe888aec0490de7db92e67c01e6663afaa849b18f74640e702002
p06-12,6,12,RIT-0059,Included,1.0,c068301bab7010addeaf906c227c2eba5be51b9aff7ad21f1bd5ef4760febecb
p07-01,7,1,RIT-0060,Included,1.0,bee043081cdb059b8e8801e7bb30f36f4bbd9ff3e63937e1080c3b1ad80686b4
p07-02,7,2,RIT-0061,Included,0.0,21a47b402145f20a3f50804f57c2b30a89da20fa52d556313c091b432ae8badf
p07-03,7,3,RIT-0062,Included,1.0,a12e2626902ad65f5c2949e54fd30172fb2c580ca93d6b87cf698fac7526e9f9
p07-04,7,4,RIT-0063,Included,0.333,f7e24e8f8429c2f3b21db237c7b29bf906e231def52cded26d628f8403f03695
p07-05,7,5,RIT-0064,Included,0.0,2e4427dd5b91f0d6d852e347ee92bd12cc59df264586e93f3118d8735125324e
p07-06,7,6,RIT-0065,Included,0.333,77da6da792e2821295893d48d687f801b527070a56f1f33bbd913a56e80b4afc
p07-07,7,7,RIT-0066,Included,1.0,f69ba77dc5c5fba0d120bdc07f961cf54e7c26849e472945c138e26f09a8391a
p07-08,7,8,RIT-0067,Included,1.0,f03c290133a867301a6090c82fd9010736b8a70926f37123916ff7235a1c6eed
p07-09,7,9,RIT-0068,Included,0.667,12598dc0055c8dde5c811378a5f6fe81723f58e083eb50d7e3d4263bd0c74852
p07-10,7,10,RIT-0069,Included,1.0,f89a461f92ced926932383d99b53560db334c745a8cd94bd624f7bf1615ac270
p07-11,7,11,RIT-0070,Included,0.667,520338f0b75609c1dee6276aaa6da90eb10098d275e8f2669bb1d8b5ef744a89
p07-12,7,12,RIT-0071,Included,1.0,b3ba347a00037ee660325f24c2caf3f06873a3d9ef4a8a721530643cf01f6ae9
p08-01,8,1,RIT-0072,Included,0.333,a08eb6904860b40c1f9e26bc83eee52cb049e58e110cbf8b73ad526e4efd960c
p08-02,8,2,RIT-0073,Included,1.0,e4fe51ef0cda4e933cd23b593a0c628ae06c4f055369707796a15e20f2ddf5fe
p08-03,8,3,RIT-0074,Included,1.0,66386223453fe1776073a7bd8c343e77f5f692e4dcb6ce0ed28d809601399a8a
p08-04,8,4,RIT-0075,Included,1.0,3a7abf12e7c923b11aec15af07488b326f119051c6bd4cece242024c4be5153d
p08-05,8,5,RIT-0076,Included,1.0,15734ae983a20438dd6703d7ff6b9164e966a17a3e5bb22719ffc03a75ba9c0d
p08-06,8,6,RIT-0077,Included,1.0,2ef64d9c53837549e4ad8afb3b7d93524fb1ed18aa70cf112d4365be68760eb6
p08-07,8,7,RIT-0078,Included,1.0,baca806cbb3537f4edab18f3ea7b7c2659584cc66537aea2b4dbe45cbfe6fb37
p08-08,8,8,RIT-0079,Included,1.0,a588eac14f8685e32536818339a1aad7b12eb0553f1ab745c685a4eb7d55270a
p08-09,8,9,RIT-0080,Included,0.0,893fa8fec0b35a966d5ed006319c532d32dc1f8e71f3597c3ddad9c98ef21fe3
p08-10,8,10,RIT-0081,Included,1.0,56488362c9f06000a468443f833d14f1201d9b2f7574ffba90d0fcd5c1449084
p08-11,8,11,RIT-0082,Included,1.0,a1ccc53504bbbf6c152fc03cc6b00cbe7ebc5991e30a2a4f22bface38548b892
p08-12,8,12,RIT-0083,Included,0.667,cb71b4436e25d7aec9d15ddb4664d1fabdba8e666fa66e5c5b10c976b526ee94
p09-01,9,1,RIT-0084,Included,0.0,837a9f97e3106ae85cce10c4bc8a45f9f06febcea09ca8ab975086a1590b8225
p09-02,9,2,RIT-0085,Included,1.0,2f011d89db24cedf5a17f2a408a662dffec490f80d81440a345a014b8dd96882
p09-03,9,3,RIT-0086,Included,0.333,3fa985eb6c31d4d584741d3372c61d0d1b5561e115af8ff3ec54d45093dbb1a0
p09-04,9,4,RIT-0087,Included,0.0,794d842c35fcc6343b211b98e04030dd5441514fef16fbda880a781746e4c52e
p09-05,9,5,RIT-0088,Included,0.0,b6de0342702b05e47ee1920d34007567a51157b80f01397abafdf05fe7bd080d
p09-06,9,6,RIT-0089,Included,1.0,05e484d6b20ff6afb18da80b5a12d9651197fccbff4ab0e417420d90b9fdc306
p09-07,9,7,RIT-0090,Included,0.333,1aa66de335b70e459cd0a1c88c897678fa554b637b236011e4526c2f9eb98fe9
p09-08,9,8,RIT-0091,Included,0.333,4000ac30a19e5b124fa10764e9eeaa8b4617e83e87c9f05a02e8237b82e06cf2
p09-09,9,9,RIT-0092,Included,0.0,a382add31d2c40bbe190919993a6b4ddec2dd643f19d5a7d318c3d745862eebf
p09-10,9,10,RIT-0093,Included,1.0,aebcc768481e7220613184b1ea53b6fa79c63d203130617e4c482f915138c793
p09-11,9,11,RIT-0094,Included,1.0,4a8c73f0439b7c6dcf8bd3fa9d19c3421f5a5db4d367fb7a64e65c62c74e1d7c
p09-12,9,12,RIT-0095,Included,0.667,1608a75060bdebf39163db54189e86b0ce7190614f18154672ef1e965d382e02
p10-01,10,1,RIT-0096,Included,0.333,ddd044f56098bf891dc667bfb4b4299df69c4f70c0a9495f7ea4f3e9b7bcdbd8
p10-02,10,2,RIT-0097,Included,0.667,d7dd728b2b2abf9698a889624cde8ae89e20b1668f1234f270990e20b7e44416
p10-03,10,3,RIT-0098,Included,1.0,f3a28b1b86e7b37bd54e8b6c6e084f9d85f3f9ed0320558fcacebc68ba224f9f
p10-04,10,4,RIT-0099,Included,1.0,9b71d898ef3d96ec1bfbde2ed09c23dc826ccffca23445c65eb25c3ba1ba05b3
p10-05,10,5,RIT-0100,Included,0.333,89f0d78012c04d61c54b68cbcb4f9f7cb11ce110914d6b958d4506da43852df6
p10-06,10,6,RIT-0101,Included,1.0,e4539532dc53cf1a01d0a102d377600f2cbef12764e1bc84ee42385b85faefc6
p10-07,10,7,RIT-0102,Included,1.0,6bfe09ee7a4e032d3aa1205e31490594375dfd3b99d930442bd5c5f011e273b1
p10-08,10,8,RIT-0103,Included,1.0,904e9cbcd28244fb3470bcf9b60d0315af8a6ab5baf4d30e6a4e3f2da008f946
p10-09,10,9,RIT-0104,Included,0.333,43d1e5be8c25f0badce46658bf17355a779c3f6b7909aa25f29e8bf24fe1c1d1
p10-10,10,10,RIT-0105,Included,1.0,7e46a22e6029b388221ef6f158f8baec95117e8574cbdd5005ac10b412941ea7
p10-11,10,11,RIT-0106,Included,1.0,dd4eeba40adab71fe8499ee6d96f0b7fcc900968d118368b6bd6729108c471c4
p10-12,10,12,RIT-0107,Included,0.0,caea8dc7fa9a81b8c9a752413a05c1eec8b94ae8b4949b3d920a874c1a37c42a
p11-01,11,1,RIT-0108,Included,1.0,fa518698047d17f0971b1dfe0ab5a5a0ec01bf60621382e50fd9f3d98125fe03
p11-02,11,2,RIT-0109,Included,1.0,0185cebf9007863418eeb1b62886347b1810e4949c29fde133a227e29ac9417e
p11-03,11,3,RIT-0110,Included,1.0,85016bcc4afdc99c1a8715d2446343ccc6e2c04da5e0cc3610301a39e3d5ff52
p11-04,11,4,RIT-0111,Included,1.0,2a33e273b03989010b2377484eddc0bad0ec16fc853ce5b3fec6aa336370d441
p11-05,11,5,RIT-0112,Included,1.0,bcf5004e37118769c145977c66ba18bff9992490404eea71800388b88ebb52dc
p11-06,11,6,RIT-0113,Included,1.0,ac16b6fb85b8c6b84fd180f89d13b519e717951affccfdde6e56012b68eb7922
p11-07,11,7,RIT-0114,Included,1.0,35027dfeb5d197fde7b465a8cfb916935cbbcc6edcae95e3cc53f25f34615aa2
p11-08,11,8,RIT-0115,Included,1.0,cfc60c00192cc8514ba4c5c60bdfcd891107191c3bdfc9c28743502e4899c81c
p11-09,11,9,RIT-0116,Included,1.0,3fdca0646c04cdc5eb5fd13ff9cebc202c37df7c65aef0b57df9c1ec553bdbee
p11-10,11,10,RIT-0117,Included,1.0,a5b6677380d31412964f0c58549ab28bc48eea3294f75faf49c9928333e73156
p11-11,11,11,RIT-0118,Included,1.0,b27ecf8305e0b1244627e2c4282b0d963ef2988ec4e32cdbe3a8f6816e03b656
p11-12,11,12,RIT-0119,Included,1.0,379ca2f093fb70ddb6758b1430756c8392a66599017c3f61e8373f46fa3fea2b
p12-01,12,1,RIT-0120,Included,0.667,564e417dabc17ca2a9d26a89779ef56e870e8c55f030738989207e239a0b2799
p12-02,12,2,RIT-0121,Included,1.0,7ac69755aeaab49df5ed738f90a87e4dd39addf82fbcd82ba3dfb16782b6d1f9
p12-03,12,3,RIT-0122,Included,1.0,d18dd5646ad7d24de25a27969ae232826fab0f990eeb6c4e579f2accca855bf2
p12-04,12,4,RIT-0123,Included,1.0,0c31333fda8792792c8647a2637cc56b76cf6dc09f7e28e4d02efe45e38b2411
p12-05,12,5,RIT-0124,Included,1.0,57e3e5f3500d2837f521230b8c891e32b15c05c1f22e6b00ee4f6b131bc7da9c
p12-06,12,6,RIT-0125,Included,0.333,61804da594e0fef34875c147e3e8a5d4cdde308216d703f8db2bd6f259818835
p12-07,12,7,RIT-0126,Included,0.667,c6411bd888ddb678d8bddd53b4858c04e3aab1084d43d314465d01e148b4ac6e
p12-08,12,8,RIT-0127,Included,0.333,36f4c21daa43b2f670fb62b103386495bb1c857dcfc824c0be8d3a578a6d32d5
p12-09,12,9,RIT-0128,Included,1.0,27a88d85877f27345441fa602aab4e92027bacd3c4002966c3acc7e51ea8e89b
p12-10,12,10,RIT-0129,Included,1.0,a0d8f72e2b49901f8bfc261209fc630930d5967d4d5435835ad8adf78c69215c
p12-11,12,11,RIT-0130,Included,1.0,e1626ada2ef9e9a94270e5c96f8ada72773977a8abf96660382b4c8bd19e261a
p12-12,12,12,RIT-0131,Included,1.0,be733e6b66232597236f480e826fc24954ca09f42012b4146b5220d5761e940d
p13-01,13,1,RIT-0132,Included,0.0,3ddfbc64133a834f2629b23c73a766eb01753dd667345ac37971772d0f95babb
p13-02,13,2,RIT-0133,Included,0.667,4b7f957a8440aa63919e85b52d5a54243605c42055a10d807c467164a6cf7d5e
p13-03,13,3,RIT-0134,Included,0.333,0a0f72383b8488679071c6a45844b9c39cb1324286c0bde36dbabb5cb3384b89
p13-04,13,4,RIT-0135,Included,1.0,38e1960afa8df4a1c67b6b2c7b3a19a77089a4a50c01904b4ab1277758804652
p13-05,13,5,RIT-0136,Included,0.0,1a8aadcb87f08c161e12121239bd7671b7eca586d903f7bc1eef4a26f9b6b66d
p13-06,13,6,RIT-0137,Included,1.0,03ec57b4e78e7b7ef4bacdd8c465b1543ff542b3e87527475f2f8126ca0c936b
p13-07,13,7,RIT-0138,Included,1.0,0bf7c238e42e3f4c588befcc96dbae4ba59664612656dbe6c438d5e7d0eea8e8
p13-08,13,8,RIT-0139,Included,1.0,6bf5ac379240324a834234b5e40e1d8c3818ac42866b6e33bf5e73b710376cc5
p13-09,13,9,RIT-0140,Included,1.0,2b945f262e72701cb55d04f483f09a5499d009db0eec0e6b3af7fa98e92ac224
p13-10,13,10,RIT-0141,Included,0.667,af0722e6c73127a4a989060c63cab187667f2efbec7860127d4ba50f5a618b89
p13-11,13,11,RIT-0142,Included,1.0,27fae9287f1446340f9556fcc0169409164b8c53fec66e2fbb94db82c0bf3e6f
p13-12,13,12,RIT-0143,Included,1.0,bb113cfd2e3ed308bedf6bd444d9af0a8281663d2ed70a15d2e4f63c3dd85ced
p14-01,14,1,RIT-0144,Included,1.0,ce95aeac0d25912a3e6f5c3ee876c885980199fad56272d866654a55ec9dac1e
p14-02,14,2,RIT-0145,Included,0.667,cb1269586640a6797ee62808c2fd5aaa6170411def49b61c15dbaf9df864d349
p14-03,14,3,RIT-0146,Included,0.0,c231e24bd7373b32974793f648bb125a76cd653dc3df9ae04d7a03b9c9c0cd92
p14-04,14,4,RIT-0147,Included,0.333,379e6fde566a4919411574a8f98094ed26b5ba46bb6ae55fc7db66721bf3abde
p14-05,14,5,RIT-0148,Included,1.0,f1d0bba503a92bf42625ea57d568c47c64b273b1e7c114253ded14a2eadc8742
p14-06,14,6,RIT-0149,Included,1.0,9b25e36a3299d997d81adc4f6cff5ab5725a6e077b5a0cecba39139e034719eb
p14-07,14,7,RIT-0150,Included,1.0,972305fecca12394270d1095bb53005f9e578efb0ff1eef7fdcd52638a55bcd3
p14-08,14,8,RIT-0151,Included,1.0,b98b4dde58636903f45c87f3b03d7721e1513a4c2500849d1edbe5804e145156
p14-09,14,9,RIT-0152,Included,0.667,627d24b1f79ad8c265d1f4d18e11c5939d81ee51c0b9c580eeaf3554fed74d85
p14-10,14,10,RIT-0153,Included,1.0,d0eca9a3745e0dadad7de22f3992985ce9d06ce0fbfc8cd0c260a4a2dd353e44
p14-11,14,11,RIT-0154,Included,1.0,d216bbb08c5c5bd47cdbe84c992d4dd5700b19126f3cd731b1920d46cddd8422
p14-12,14,12,RIT-0155,Included,1.0,5578e7acd2e91c90ce9cd5fc73fbf275233772ee40a713b6893ac36545b968c5
p15-01,15,1,RIT-0156,Included,1.0,e10a0e1eb12036ef2a2d6b84f5ea4c7bb9d13708c713453ddc90e3600090c120
p15-02,15,2,RIT-0157,Included,1.0,f58aa6b53f5d3fb648780c5aa854a84578b7ac7529a0ba2bafda9812e81e0e8f
p15-03,15,3,RIT-0158,Included,1.0,aa970f7c99ee988d2613021ba6136dab4ef0b45d485520d3ae608802ab761cee
p15-04,15,4,RIT-0159,Included,1.0,b12b92b14944b9a50184167bbdda48e68aa4c15d69193b3e2ab3482dbca86b11
p15-05,15,5,RIT-0160,Included,1.0,b1d62830bad04cc6183eac3196816ef53ff688b90ec927f0fa2667e81f1cdbdc
p15-06,15,6,RIT-0161,Included,0.0,e7678c50b4ac8ca456bd2657122f0c4e303e1b386ce79438e7f110b4e5b31331
p15-07,15,7,RIT-0162,Included,0.0,25d01648b3d4202adcec136e62ae15053b097869fa08bd82030e2633999ce19e
p15-08,15,8,RIT-0163,Included,1.0,59296707139ddca97e56ad4ce4ac01b62de191eabd617d6bd06b0d731070b8c9
p15-09,15,9,RIT-0164,Included,0.667,4fd49b2fc38da1d3ddc9e6af8a182255977f9f57f2a24a0bc0fb31d72c4863d1
p15-10,15,10,RIT-0165,Included,0.0,aca8e18cda572383c43ef34dd95916b55b6e05dc7a79b31dc4a0a60abd69a100
p15-11,15,11,RIT-0166,Included,0.0,ff8d24760a57f7e7eb4f276bae0f930c43b6dcd561c04cf0ce9745592a81165b
p15-12,15,12,RIT-0167,Included,1.0,377f76f0d8ef83bb215c4fffe8883d960b26a6951f3a0fc41c49b8f5cf6ec4c1
p16-01,16,1,RIT-0168,Included,1.0,37999cad596adaed64b40dc56385b4f8cd5234d04ffb1a29b63739c412de3ac8
p16-02,16,2,RIT-0169,Included,1.0,01702ddc025ff4b68b044bd2a44331286f599a855922ffa053682ee709791aa1
p16-03,16,3,RIT-0170,Included,1.0,b5ecd39811ef970c706d84e4993b8f9abe79c9179c325c9da4aad6b35d6179b8
p16-04,16,4,RIT-0171,Included,1.0,1360e57ace814defe9c1efee56df6e4e6f81e524c2cbb5f770cbaef77adfa176
p16-05,16,5,RIT-0172,Included,1.0,4d02e6b6f554b639e14ec2372a1f2d7ec76f725ca127c83b27a739ee91f25ec7
p16-06,16,6,RIT-0173,Included,1.0,7efe36ebef401b7fe2179d946a667c9b0689e4408a11f772ac122e31ae83199c
p16-07,16,7,RIT-0174,Included,1.0,fbb45cdecea26c62fd1f90372e148e1d6bf021d9fc37f0ac46dd39b040c0dada
p16-08,16,8,RIT-0175,Included,1.0,404cfeb17ff4c455bf15f04581edb58f1486aeb3047355d26bbb9e2d75a489a4
p16-09,16,9,RIT-0176,Included,0.667,42eea511d3a9230571a475bc8da3df49e6416648cd9537c07f215f48eaa73186
p16-10,16,10,RIT-0177,Included,1.0,dc66a10bf0e0a64e631aeff3f8da43609e5714445d3eb4b30112ebf0a2cae0bc
p16-11,16,11,RIT-0178,Included,1.0,de3c4150b27072563f193f1807e8441e5f98d0659dcf877468d56361ff709684
p16-12,16,12,RIT-0179,Included,1.0,c4b6b3e899c89fcdc3303d592f20aadefcfd82bf252415cc8caf859e41820b5a
p17-01,17,1,RIT-0180,Included,1.0,b64071a7111b243ca4f444c2ef5984ad05d7672fe1dbb7fd802a67dabfff35eb
p17-02,17,2,RIT-0181,Included,1.0,9f5d1e94bffc419a8c9918c0d6402c7f9dfb2cd4c1861c4917849ddb98750edc
p17-03,17,3,RIT-0182,Included,0.0,0d9dd0ae41fc16edc6437c8b61ed31d96e50f73f534e1360e9e5d97f1c685f66
p17-04,17,4,RIT-0183,Included,1.0,ed75fc541c3705ae9ccec438037d1a5807698e30768d99c85bd8872662472acd
p17-05,17,5,RIT-0184,Included,1.0,dc29cbcd7bbf75083965184e8f21b43d1242b2440c80c1812880eaaa390bdd46
p17-06,17,6,RIT-0185,Included,0.0,1727f431d226fa4d0658d965b9e2cc5357c46e388aefc599bd55f5f60a87acbc
p17-07,17,7,RIT-0186,Included,0.667,fd50404cef9b38959ddb39490a87a80cb336d7391f51e84bdff13a11749390b7
p17-08,17,8,RIT-0187,Included,1.333,706fe0204fee268ac3d2e7753e957f090144c3ed62b5e46f5fa9b92aed5be009
p17-09,17,9,RIT-0188,Included,1.0,7ddb5ea32350e7c4925285ef7f76d8d9be37c0f039b87a8bceff0c198cac8f69
p17-10,17,10,RIT-0189,Included,1.333,02afdcee5531209335397eb4316902437f70408b12a259454da15c7f7eae4de7
p17-11,17,11,RIT-0190,Included,0.0,63ee6a5144681659efe41ef40097f2d2cc5ef61d038656bedddda1449ac36190
p17-12,17,12,RIT-0191,Included,0.333,cc26df623a8cdf5f5ffab04ed429d6213d3315c8260f5a81e241a91528b869ba
p18-01,18,1,RIT-0192,Included,1.0,dce9855abdeafeafd0b2e8d1814fa752c0f5757b8dc44e9a9185003104a9ba4b
p18-02,18,2,RIT-0193,Included,1.0,ef462a8db5765e740d60f178334f4559ae0b11341714ee821a3da857f03e1969
p18-03,18,3,RIT-0194,Included,1.0,9f141e87df157da65fbb1855a094377e0ec8eaa52067d61fcd0b8024ccbdeeed
p18-04,18,4,RIT-0195,Included,1.0,5a9eb4a6e368fc0f432c855600ae8f4dc6e5665ccdc3464016800c19f84cf2cd
p19-01,19,1,RIT-0196,Included,2.0,1b7cc9c0aafd5eec802591ae42ccdb6836fbe258dc01f56d3ed1bd2912ac9103
p19-02,19,2,RIT-0197,Included,2.333,85b90727cccde857f2e04ab96560d5a08f020b8d8fba8c632892fea83c3aac23
p19-03,19,3,RIT-0198,Included,1.333,94eb949c662a9b7bbcc7144dc577f35f5a493ed59850e87c044dbea3e3c0c305
p19-04,19,4,RIT-0199,Included,1.333,02a76cb815cb918d9166e4ab0e9d8e78ef05e18efbb4d8cf959f42b51d9f0596
